Mock1,Mock2,Mock3
Mock1,0.0,0.567711043873,1.17260403443
Mock2,0.567711043873,0.0,1.34359585584
Mock3,1.17260403443,1.34359585584,0.0